year,avg_temp,city
1743,5.27,Edinburgh
1744,8.29,Edinburgh
1745,2.75,Edinburgh
1746,,Edinburgh
1747,,Edinburgh
1748,,Edinburgh
1749,,Edinburgh
1750,8.41,Edinburgh
1751,8.16,Edinburgh
1752,4.78,Edinburgh
1753,7.51,Edinburgh
1754,7.42,Edinburgh
1755,7.14,Edinburgh
1756,7.64,Edinburgh
1757,7.65,Edinburgh
1758,6.87,Edinburgh
1759,7.85,Edinburgh
1760,7.13,Edinburgh
1761,7.93,Edinburgh
1762,7.13,Edinburgh
1763,6.92,Edinburgh
1764,7.13,Edinburgh
1765,6.87,Edinburgh
1766,7.14,Edinburgh
1767,7.14,Edinburgh
1768,7.20,Edinburgh
1769,7.24,Edinburgh
1770,6.96,Edinburgh
1771,6.86,Edinburgh
1772,6.95,Edinburgh
1773,7.25,Edinburgh
1774,6.86,Edinburgh
1775,7.95,Edinburgh
1776,7.15,Edinburgh
1777,7.34,Edinburgh
1778,7.82,Edinburgh
1779,8.90,Edinburgh
1780,7.75,Edinburgh
1781,8.53,Edinburgh
1782,6.28,Edinburgh
1783,7.66,Edinburgh
1784,6.36,Edinburgh
1785,6.98,Edinburgh
1786,6.63,Edinburgh
1787,7.79,Edinburgh
1788,7.63,Edinburgh
1789,7.78,Edinburgh
1790,7.97,Edinburgh
1791,7.83,Edinburgh
1792,7.72,Edinburgh
1793,7.65,Edinburgh
1794,8.18,Edinburgh
1795,7.17,Edinburgh
1796,7.64,Edinburgh
1797,7.76,Edinburgh
1798,8.14,Edinburgh
1799,6.23,Edinburgh
1800,7.25,Edinburgh
1801,7.77,Edinburgh
1802,7.44,Edinburgh
1803,7.22,Edinburgh
1804,7.49,Edinburgh
1805,7.20,Edinburgh
1806,7.56,Edinburgh
1807,6.83,Edinburgh
1808,7.12,Edinburgh
1809,7.02,Edinburgh
1810,6.87,Edinburgh
1811,7.82,Edinburgh
1812,6.60,Edinburgh
1813,7.35,Edinburgh
1814,6.33,Edinburgh
1815,7.15,Edinburgh
1816,6.18,Edinburgh
1817,7.03,Edinburgh
1818,7.82,Edinburgh
1819,7.47,Edinburgh
1820,7.06,Edinburgh
1821,7.94,Edinburgh
1822,8.23,Edinburgh
1823,6.80,Edinburgh
1824,7.69,Edinburgh
1825,8.13,Edinburgh
1826,8.39,Edinburgh
1827,7.58,Edinburgh
1828,8.26,Edinburgh
1829,6.52,Edinburgh
1830,7.06,Edinburgh
1831,8.10,Edinburgh
1832,7.79,Edinburgh
1833,7.52,Edinburgh
1834,8.56,Edinburgh
1835,7.52,Edinburgh
1836,6.87,Edinburgh
1837,6.92,Edinburgh
1838,6.18,Edinburgh
1839,6.99,Edinburgh
1840,7.11,Edinburgh
1841,7.17,Edinburgh
1842,7.88,Edinburgh
1843,7.56,Edinburgh
1844,7.13,Edinburgh
1845,6.94,Edinburgh
1846,8.73,Edinburgh
1847,7.57,Edinburgh
1848,7.50,Edinburgh
1849,7.39,Edinburgh
1850,7.38,Edinburgh
1851,7.44,Edinburgh
1852,8.16,Edinburgh
1853,7.01,Edinburgh
1854,7.78,Edinburgh
1855,6.57,Edinburgh
1856,7.26,Edinburgh
1857,8.52,Edinburgh
1858,7.53,Edinburgh
1859,7.57,Edinburgh
1860,6.22,Edinburgh
1861,7.59,Edinburgh
1862,7.31,Edinburgh
1863,7.85,Edinburgh
1864,6.98,Edinburgh
1865,7.73,Edinburgh
1866,7.53,Edinburgh
1867,7.26,Edinburgh
1868,8.39,Edinburgh
1869,7.61,Edinburgh
1870,7.32,Edinburgh
1871,7.35,Edinburgh
1872,7.81,Edinburgh
1873,7.43,Edinburgh
1874,7.63,Edinburgh
1875,7.73,Edinburgh
1876,7.64,Edinburgh
1877,7.21,Edinburgh
1878,7.68,Edinburgh
1879,5.98,Edinburgh
1880,7.54,Edinburgh
1881,6.65,Edinburgh
1882,7.70,Edinburgh
1883,7.37,Edinburgh
1884,7.95,Edinburgh
1885,6.87,Edinburgh
1886,6.83,Edinburgh
1887,7.08,Edinburgh
1888,6.75,Edinburgh
1889,7.57,Edinburgh
1890,7.59,Edinburgh
1891,7.15,Edinburgh
1892,6.46,Edinburgh
1893,8.21,Edinburgh
1894,7.61,Edinburgh
1895,6.98,Edinburgh
1896,7.84,Edinburgh
1897,7.60,Edinburgh
1898,8.33,Edinburgh
1899,7.88,Edinburgh
1900,7.60,Edinburgh
1901,7.64,Edinburgh
1902,7.09,Edinburgh
1903,7.37,Edinburgh
1904,7.38,Edinburgh
1905,7.65,Edinburgh
1906,7.67,Edinburgh
1907,7.23,Edinburgh
1908,7.79,Edinburgh
1909,6.99,Edinburgh
1910,7.49,Edinburgh
1911,8.20,Edinburgh
1912,7.52,Edinburgh
1913,7.95,Edinburgh
1914,8.23,Edinburgh
1915,7.14,Edinburgh
1916,7.55,Edinburgh
1917,7.05,Edinburgh
1918,7.74,Edinburgh
1919,6.91,Edinburgh
1920,7.91,Edinburgh
1921,8.59,Edinburgh
1922,7.02,Edinburgh
1923,7.26,Edinburgh
1924,7.59,Edinburgh
1925,7.49,Edinburgh
1926,8.00,Edinburgh
1927,7.40,Edinburgh
1928,7.59,Edinburgh
1929,7.37,Edinburgh
1930,7.64,Edinburgh
1931,7.33,Edinburgh
1932,7.90,Edinburgh
1933,8.39,Edinburgh
1934,8.43,Edinburgh
1935,7.87,Edinburgh
1936,7.76,Edinburgh
1937,7.70,Edinburgh
1938,8.49,Edinburgh
1939,8.13,Edinburgh
1940,7.42,Edinburgh
1941,7.34,Edinburgh
1942,7.38,Edinburgh
1943,8.30,Edinburgh
1944,7.94,Edinburgh
1945,8.67,Edinburgh
1946,7.82,Edinburgh
1947,7.70,Edinburgh
1948,8.17,Edinburgh
1949,8.81,Edinburgh
1950,7.67,Edinburgh
1951,7.47,Edinburgh
1952,7.38,Edinburgh
1953,8.54,Edinburgh
1954,7.57,Edinburgh
1955,7.68,Edinburgh
1956,7.43,Edinburgh
1957,8.28,Edinburgh
1958,7.56,Edinburgh
1959,8.67,Edinburgh
1960,8.02,Edinburgh
1961,8.07,Edinburgh
1962,7.10,Edinburgh
1963,6.92,Edinburgh
1964,7.83,Edinburgh
1965,7.13,Edinburgh
1966,7.51,Edinburgh
1967,7.99,Edinburgh
1968,7.61,Edinburgh
1969,7.48,Edinburgh
1970,7.74,Edinburgh
1971,8.31,Edinburgh
1972,7.64,Edinburgh
1973,7.89,Edinburgh
1974,7.81,Edinburgh
1975,8.22,Edinburgh
1976,8.15,Edinburgh
1977,7.68,Edinburgh
1978,7.62,Edinburgh
1979,7.06,Edinburgh
1980,7.74,Edinburgh
1981,7.48,Edinburgh
1982,7.99,Edinburgh
1983,8.14,Edinburgh
1984,8.09,Edinburgh
1985,7.25,Edinburgh
1986,7.04,Edinburgh
1987,7.33,Edinburgh
1988,8.11,Edinburgh
1989,8.57,Edinburgh
1990,8.68,Edinburgh
1991,7.99,Edinburgh
1992,8.05,Edinburgh
1993,7.59,Edinburgh
1994,8.07,Edinburgh
1995,8.49,Edinburgh
1996,7.71,Edinburgh
1997,8.87,Edinburgh
1998,8.56,Edinburgh
1999,8.74,Edinburgh
2000,8.48,Edinburgh
2001,8.15,Edinburgh
2002,8.76,Edinburgh
2003,8.95,Edinburgh
2004,8.92,Edinburgh
2005,8.85,Edinburgh
2006,9.10,Edinburgh
2007,8.94,Edinburgh
2008,8.42,Edinburgh
2009,8.64,Edinburgh
2010,7.43,Edinburgh
2011,8.95,Edinburgh
2012,8.08,Edinburgh
2013,8.39,Edinburgh
1743,2.77,London
1744,10.19,London
1745,-1.12,London
1746,,London
1747,,London
1748,,London
1749,,London
1750,8.34,London
1751,8.84,London
1752,1.64,London
1753,7.87,London
1754,8.15,London
1755,5.12,London
1756,8.59,London
1757,7.29,London
1758,6.47,London
1759,7.39,London
1760,5.97,London
1761,8.36,London
1762,7.85,London
1763,5.54,London
1764,8.03,London
1765,7.37,London
1766,8.38,London
1767,6.97,London
1768,6.89,London
1769,7.54,London
1770,7.44,London
1771,8.41,London
1772,8.05,London
1773,8.34,London
1774,7.86,London
1775,8.73,London
1776,7.84,London
1777,7.32,London
1778,5.54,London
1779,8.25,London
1780,10.54,London
1781,8.07,London
1782,7.51,London
1783,7.22,London
1784,7.00,London
1785,6.94,London
1786,7.46,London
1787,7.47,London
1788,8.12,London
1789,7.82,London
1790,7.75,London
1791,7.84,London
1792,7.26,London
1793,8.13,London
1794,8.16,London
1795,7.71,London
1796,7.56,London
1797,7.33,London
1798,8.18,London
1799,7.76,London
1800,7.92,London
1801,8.31,London
1802,8.56,London
1803,8.37,London
1804,8.15,London
1805,8.62,London
1806,7.82,London
1807,7.61,London
1808,7.79,London
1809,7.03,London
1810,7.37,London
1811,7.49,London
1812,6.13,London
1813,7.41,London
1814,7.24,London
1815,6.65,London
1816,6.16,London
1817,6.25,London
1818,6.90,London
1819,7.21,London
1820,7.22,London
1821,6.91,London
1822,7.88,London
1823,7.11,London
1824,7.55,London
1825,8.59,London
1826,8.37,London
1827,8.21,London
1828,9.08,London
1829,7.63,London
1830,8.47,London
1831,7.00,London
1832,8.07,London
1833,8.06,London
1834,8.36,London
1835,7.43,London
1836,6.42,London
1837,7.16,London
1838,6.71,London
1839,7.74,London
1840,8.05,London
1841,7.46,London
1842,7.97,London
1843,7.00,London
1844,8.13,London
1845,8.17,London
1846,8.58,London
1847,7.28,London
1848,7.86,London
1849,7.43,London
1850,7.65,London
1851,7.73,London
1852,7.46,London
1853,8.05,London
1854,8.31,London
1855,7.39,London
1856,6.35,London
1857,6.74,London
1858,8.16,London
1859,7.80,London
1860,7.72,London
1861,7.69,London
1862,7.48,London
1863,7.51,London
1864,7.46,London
1865,7.89,London
1866,6.93,London
1867,7.17,London
1868,6.68,London
1869,6.81,London
1870,8.33,London
1871,7.56,London
1872,6.78,London
1873,6.92,London
1874,7.84,London
1875,5.69,London
1876,7.48,London
1877,8.48,London
1878,8.94,London
1879,7.68,London
1880,8.45,London
1881,8.45,London
1882,8.06,London
1883,6.50,London
1884,7.46,London
1885,6.04,London
1886,7.25,London
1887,7.59,London
1888,6.68,London
1889,7.97,London
1890,8.06,London
1891,8.30,London
1892,7.43,London
1893,7.01,London
1894,8.65,London
1895,7.08,London
1896,7.99,London
1897,7.95,London
1898,8.66,London
1899,8.04,London
1900,8.53,London
1901,7.67,London
1902,7.76,London
1903,7.74,London
1904,6.22,London
1905,7.34,London
1906,8.38,London
1907,6.92,London
1908,8.30,London
1909,7.92,London
1910,7.73,London
1911,8.62,London
1912,7.01,London
1913,8.59,London
1914,7.65,London
1915,7.85,London
1916,7.75,London
1917,5.96,London
1918,7.80,London
1919,8.66,London
1920,7.43,London
1921,9.75,London
1922,8.62,London
1923,7.74,London
1924,6.79,London
1925,7.70,London
1926,6.77,London
1927,8.27,London
1928,7.97,London
1929,7.60,London
1930,8.45,London
1931,9.59,London
1932,8.66,London
1933,8.93,London
1934,7.90,London
1935,7.72,London
1936,7.82,London
1937,8.15,London
1938,8.96,London
1939,8.58,London
1940,7.16,London
1941,9.00,London
1942,8.33,London
1943,7.51,London
1944,8.50,London
1945,7.91,London
1946,9.07,London
1947,8.21,London
1948,8.27,London
1949,9.52,London
1950,7.67,London
1951,8.15,London
1952,8.94,London
1953,9.39,London
1954,8.55,London
1955,9.06,London
1956,8.12,London
1957,8.41,London
1958,7.60,London
1959,8.66,London
1960,7.92,London
1961,8.41,London
1962,7.88,London
1963,7.46,London
1964,8.50,London
1965,7.90,London
1966,7.93,London
1967,7.84,London
1968,8.11,London
1969,8.11,London
1970,8.29,London
1971,8.52,London
1972,7.55,London
1973,9.30,London
1974,8.09,London
1975,8.80,London
1976,7.51,London
1977,8.17,London
1978,7.20,London
1979,7.75,London
1980,7.61,London
1981,8.12,London
1982,8.13,London
1983,8.81,London
1984,8.37,London
1985,8.37,London
1986,8.59,London
1987,9.35,London
1988,8.58,London
1989,7.84,London
1990,9.48,London
1991,9.72,London
1992,8.05,London
1993,8.11,London
1994,8.11,London
1995,8.52,London
1996,7.85,London
1997,8.09,London
1998,10.60,London
1999,9.53,London
2000,8.67,London
2001,9.63,London
2002,9.45,London
2003,8.12,London
2004,8.63,London
2005,9.05,London
2006,9.83,London
2007,9.14,London
2008,8.61,London
2009,8.38,London
2010,9.47,London
2011,9.32,London
2012,10.51,London
2013,10.11,London
1743,7.54,London
1744,10.34,London
1745,4.13,London
1746,,London
1747,,London
1748,,London
1749,,London
1750,10.25,London
1751,9.99,London
1752,6.54,London
1753,9.42,London
1754,9.20,London
1755,8.95,London
1756,9.42,London
1757,9.34,London
1758,8.85,London
1759,9.80,London
1760,9.26,London
1761,9.69,London
1762,8.99,London
1763,8.75,London
1764,9.14,London
1765,8.95,London
1766,9.07,London
1767,8.98,London
1768,9.12,London
1769,9.04,London
1770,9.03,London
1771,8.78,London
1772,9.36,London
1773,9.33,London
1774,9.10,London
1775,10.10,London
1776,9.21,London
1777,9.25,London
1778,9.80,London
1779,10.76,London
1780,9.67,London
1781,10.41,London
1782,8.44,London
1783,9.97,London
1784,8.29,London
1785,8.54,London
1786,8.35,London
1787,9.53,London
1788,9.39,London
1789,9.12,London
1790,9.67,London
1791,9.59,London
1792,9.56,London
1793,9.59,London
1794,10.00,London
1795,9.19,London
1796,9.50,London
1797,9.62,London
1798,9.83,London
1799,7.94,London
1800,9.32,London
1801,9.68,London
1802,9.31,London
1803,8.79,London
1804,9.37,London
1805,8.56,London
1806,9.87,London
1807,9.03,London
1808,8.91,London
1809,8.99,London
1810,8.97,London
1811,10.10,London
1812,8.58,London
1813,9.13,London
1814,7.93,London
1815,8.99,London
1816,7.98,London
1817,8.95,London
1818,9.88,London
1819,9.58,London
1820,8.61,London
1821,9.63,London
1822,10.36,London
1823,8.80,London
1824,9.65,London
1825,9.98,London
1826,10.12,London
1827,9.37,London
1828,10.10,London
1829,7.95,London
1830,8.78,London
1831,10.01,London
1832,9.24,London
1833,9.40,London
1834,10.59,London
1835,9.48,London
1836,9.04,London
1837,8.85,London
1838,8.05,London
1839,8.89,London
1840,8.68,London
1841,9.12,London
1842,9.43,London
1843,9.40,London
1844,8.85,London
1845,8.46,London
1846,10.48,London
1847,9.24,London
1848,9.52,London
1849,9.42,London
1850,9.06,London
1851,9.17,London
1852,9.96,London
1853,8.44,London
1854,9.30,London
1855,8.03,London
1856,9.17,London
1857,10.21,London
1858,9.20,London
1859,9.97,London
1860,8.17,London
1861,9.42,London
1862,9.56,London
1863,9.90,London
1864,8.74,London
1865,9.82,London
1866,9.69,London
1867,9.06,London
1868,10.50,London
1869,9.46,London
1870,8.94,London
1871,8.97,London
1872,10.07,London
1873,9.26,London
1874,9.37,London
1875,9.43,London
1876,9.75,London
1877,9.43,London
1878,9.47,London
1879,7.62,London
1880,9.35,London
1881,8.71,London
1882,9.43,London
1883,9.21,London
1884,9.86,London
1885,8.68,London
1886,8.80,London
1887,8.39,London
1888,8.31,London
1889,8.91,London
1890,8.86,London
1891,8.65,London
1892,8.35,London
1893,10.05,London
1894,9.42,London
1895,8.91,London
1896,9.41,London
1897,9.50,London
1898,10.08,London
1899,9.85,London
1900,9.73,London
1901,9.20,London
1902,8.95,London
1903,9.45,London
1904,9.18,London
1905,9.25,London
1906,9.62,London
1907,9.03,London
1908,9.31,London
1909,8.70,London
1910,9.39,London
1911,10.22,London
1912,9.57,London
1913,9.89,London
1914,9.98,London
1915,9.07,London
1916,9.28,London
1917,8.65,London
1918,9.60,London
1919,8.48,London
1920,9.67,London
1921,10.60,London
1922,8.81,London
1923,9.17,London
1924,9.34,London
1925,9.31,London
1926,9.83,London
1927,9.25,London
1928,9.69,London
1929,9.09,London
1930,9.70,London
1931,9.12,London
1932,9.57,London
1933,9.96,London
1934,10.11,London
1935,9.90,London
1936,9.43,London
1937,9.69,London
1938,10.18,London
1939,9.77,London
1940,9.06,London
1941,9.09,London
1942,9.10,London
1943,10.19,London
1944,9.62,London
1945,10.39,London
1946,9.58,London
1947,9.75,London
1948,10.16,London
1949,10.63,London
1950,9.75,London
1951,9.52,London
1952,9.35,London
1953,9.95,London
1954,9.35,London
1955,9.39,London
1956,8.87,London
1957,10.26,London
1958,9.66,London
1959,10.63,London
1960,9.88,London
1961,10.20,London
1962,8.65,London
1963,8.48,London
1964,9.53,London
1965,9.03,London
1966,9.59,London
1967,9.81,London
1968,9.48,London
1969,9.47,London
1970,9.69,London
1971,9.89,London
1972,9.41,London
1973,9.75,London
1974,9.70,London
1975,9.99,London
1976,10.28,London
1977,9.69,London
1978,9.41,London
1979,9.06,London
1980,9.54,London
1981,9.38,London
1982,10.07,London
1983,10.12,London
1984,9.75,London
1985,9.00,London
1986,8.94,London
1987,9.22,London
1988,9.82,London
1989,10.76,London
1990,10.94,London
1991,9.67,London
1992,10.15,London
1993,9.69,London
1994,10.48,London
1995,10.55,London
1996,9.27,London
1997,10.64,London
1998,10.40,London
1999,10.86,London
2000,10.52,London
2001,10.18,London
2002,10.91,London
2003,10.81,London
2004,10.77,London
2005,10.63,London
2006,11.10,London
2007,10.83,London
2008,10.38,London
2009,10.52,London
2010,9.38,London
2011,11.19,London
2012,10.00,London
2013,9.91,London
1855,2.57,Santiago
1856,5.00,Santiago
1857,5.10,Santiago
1858,5.10,Santiago
1859,5.60,Santiago
1860,5.25,Santiago
1861,4.84,Santiago
1862,4.79,Santiago
1863,4.51,Santiago
1864,4.99,Santiago
1865,5.45,Santiago
1866,5.35,Santiago
1867,5.07,Santiago
1868,5.26,Santiago
1869,4.95,Santiago
1870,4.84,Santiago
1871,4.65,Santiago
1872,4.82,Santiago
1873,5.21,Santiago
1874,4.76,Santiago
1875,5.01,Santiago
1876,5.74,Santiago
1877,6.34,Santiago
1878,5.59,Santiago
1879,5.90,Santiago
1880,5.83,Santiago
1881,5.17,Santiago
1882,5.47,Santiago
1883,5.10,Santiago
1884,5.11,Santiago
1885,4.74,Santiago
1886,5.17,Santiago
1887,5.41,Santiago
1888,5.70,Santiago
1889,4.51,Santiago
1890,5.16,Santiago
1891,5.57,Santiago
1892,4.99,Santiago
1893,4.97,Santiago
1894,5.34,Santiago
1895,5.54,Santiago
1896,6.26,Santiago
1897,5.69,Santiago
1898,4.88,Santiago
1899,5.93,Santiago
1900,5.94,Santiago
1901,5.78,Santiago
1902,5.83,Santiago
1903,5.44,Santiago
1904,5.68,Santiago
1905,5.66,Santiago
1906,5.76,Santiago
1907,5.11,Santiago
1908,5.56,Santiago
1909,5.27,Santiago
1910,5.14,Santiago
1911,5.19,Santiago
1912,5.73,Santiago
1913,6.23,Santiago
1914,5.52,Santiago
1915,5.78,Santiago
1916,5.29,Santiago
1917,5.56,Santiago
1918,5.50,Santiago
1919,5.91,Santiago
1920,5.68,Santiago
1921,5.27,Santiago
1922,5.18,Santiago
1923,5.07,Santiago
1924,5.42,Santiago
1925,5.83,Santiago
1926,6.09,Santiago
1927,5.78,Santiago
1928,5.30,Santiago
1929,5.76,Santiago
1930,6.23,Santiago
1931,5.48,Santiago
1932,5.92,Santiago
1933,5.58,Santiago
1934,5.28,Santiago
1935,5.77,Santiago
1936,5.62,Santiago
1937,5.65,Santiago
1938,5.30,Santiago
1939,5.95,Santiago
1940,5.74,Santiago
1941,5.50,Santiago
1942,5.39,Santiago
1943,5.74,Santiago
1944,6.33,Santiago
1945,6.29,Santiago
1946,5.81,Santiago
1947,5.92,Santiago
1948,5.62,Santiago
1949,5.63,Santiago
1950,5.71,Santiago
1951,6.04,Santiago
1952,6.09,Santiago
1953,6.00,Santiago
1954,5.41,Santiago
1955,5.11,Santiago
1956,4.94,Santiago
1957,5.74,Santiago
1958,5.89,Santiago
1959,5.64,Santiago
1960,6.20,Santiago
1961,6.16,Santiago
1962,5.98,Santiago
1963,5.63,Santiago
1964,5.64,Santiago
1965,6.05,Santiago
1966,5.60,Santiago
1967,5.71,Santiago
1968,6.12,Santiago
1969,6.39,Santiago
1970,6.06,Santiago
1971,5.87,Santiago
1972,5.82,Santiago
1973,5.53,Santiago
1974,5.53,Santiago
1975,5.71,Santiago
1976,5.54,Santiago
1977,6.55,Santiago
1978,6.32,Santiago
1979,5.91,Santiago
1980,6.30,Santiago
1981,6.31,Santiago
1982,6.44,Santiago
1983,5.89,Santiago
1984,5.55,Santiago
1985,6.34,Santiago
1986,6.49,Santiago
1987,6.40,Santiago
1988,6.01,Santiago
1989,6.59,Santiago
1990,6.11,Santiago
1991,6.37,Santiago
1992,5.97,Santiago
1993,6.16,Santiago
1994,6.70,Santiago
1995,6.40,Santiago
1996,6.26,Santiago
1997,6.80,Santiago
1998,6.28,Santiago
1999,5.93,Santiago
2000,5.95,Santiago
2001,6.41,Santiago
2002,6.25,Santiago
2003,6.77,Santiago
2004,6.32,Santiago
2005,6.22,Santiago
2006,6.84,Santiago
2007,5.51,Santiago
2008,6.57,Santiago
2009,6.70,Santiago
2010,6.13,Santiago
2011,6.27,Santiago
2012,6.82,Santiago
2013,5.94,Santiago
1824,26.01,Santiago
1825,26.12,Santiago
1826,25.97,Santiago
1827,26.39,Santiago
1828,26.42,Santiago
1829,25.67,Santiago
1830,26.36,Santiago
1831,25.36,Santiago
1832,24.46,Santiago
1833,,Santiago
1834,22.90,Santiago
1835,25.22,Santiago
1836,23.69,Santiago
1837,26.87,Santiago
1838,25.34,Santiago
1839,25.51,Santiago
1840,25.50,Santiago
1841,25.22,Santiago
1842,25.62,Santiago
1843,25.49,Santiago
1844,25.04,Santiago
1845,25.16,Santiago
1846,25.91,Santiago
1847,25.63,Santiago
1848,25.53,Santiago
1849,25.76,Santiago
1850,25.74,Santiago
1851,25.77,Santiago
1852,25.41,Santiago
1853,25.73,Santiago
1854,25.68,Santiago
1855,25.90,Santiago
1856,26.21,Santiago
1857,25.24,Santiago
1858,25.22,Santiago
1859,25.43,Santiago
1860,25.41,Santiago
1861,25.72,Santiago
1862,25.65,Santiago
1863,25.75,Santiago
1864,25.49,Santiago
1865,25.85,Santiago
1866,25.50,Santiago
1867,25.61,Santiago
1868,25.85,Santiago
1869,26.02,Santiago
1870,25.70,Santiago
1871,25.86,Santiago
1872,25.81,Santiago
1873,25.52,Santiago
1874,25.62,Santiago
1875,25.68,Santiago
1876,25.85,Santiago
1877,26.21,Santiago
1878,26.36,Santiago
1879,25.83,Santiago
1880,25.74,Santiago
1881,25.59,Santiago
1882,25.47,Santiago
1883,25.63,Santiago
1884,25.41,Santiago
1885,25.80,Santiago
1886,25.32,Santiago
1887,25.33,Santiago
1888,25.65,Santiago
1889,25.78,Santiago
1890,25.65,Santiago
1891,25.70,Santiago
1892,25.49,Santiago
1893,25.48,Santiago
1894,25.55,Santiago
1895,25.78,Santiago
1896,25.92,Santiago
1897,26.17,Santiago
1898,25.91,Santiago
1899,25.85,Santiago
1900,26.21,Santiago
1901,26.02,Santiago
1902,25.80,Santiago
1903,25.94,Santiago
1904,25.52,Santiago
1905,26.10,Santiago
1906,25.89,Santiago
1907,25.64,Santiago
1908,25.81,Santiago
1909,25.62,Santiago
1910,25.44,Santiago
1911,25.82,Santiago
1912,26.01,Santiago
1913,25.49,Santiago
1914,25.94,Santiago
1915,26.18,Santiago
1916,25.60,Santiago
1917,25.36,Santiago
1918,25.60,Santiago
1919,26.06,Santiago
1920,25.99,Santiago
1921,25.73,Santiago
1922,25.51,Santiago
1923,25.77,Santiago
1924,26.14,Santiago
1925,25.88,Santiago
1926,26.32,Santiago
1927,26.14,Santiago
1928,26.14,Santiago
1929,25.94,Santiago
1930,26.10,Santiago
1931,26.28,Santiago
1932,26.19,Santiago
1933,26.00,Santiago
1934,25.86,Santiago
1935,25.79,Santiago
1936,26.14,Santiago
1937,26.24,Santiago
1938,25.98,Santiago
1939,26.02,Santiago
1940,26.37,Santiago
1941,26.55,Santiago
1942,26.50,Santiago
1943,26.10,Santiago
1944,26.03,Santiago
1945,25.87,Santiago
1946,26.07,Santiago
1947,26.47,Santiago
1948,26.54,Santiago
1949,26.10,Santiago
1950,25.74,Santiago
1951,25.93,Santiago
1952,26.30,Santiago
1953,26.48,Santiago
1954,26.14,Santiago
1955,25.75,Santiago
1956,25.84,Santiago
1957,26.38,Santiago
1958,26.51,Santiago
1959,26.56,Santiago
1960,26.58,Santiago
1961,26.20,Santiago
1962,26.23,Santiago
1963,26.46,Santiago
1964,26.34,Santiago
1965,25.99,Santiago
1966,26.26,Santiago
1967,26.25,Santiago
1968,26.12,Santiago
1969,26.56,Santiago
1970,26.10,Santiago
1971,25.91,Santiago
1972,26.20,Santiago
1973,26.42,Santiago
1974,25.93,Santiago
1975,26.07,Santiago
1976,26.02,Santiago
1977,26.56,Santiago
1978,26.46,Santiago
1979,26.19,Santiago
1980,26.92,Santiago
1981,26.54,Santiago
1982,26.46,Santiago
1983,26.72,Santiago
1984,26.29,Santiago
1985,26.30,Santiago
1986,26.40,Santiago
1987,26.79,Santiago
1988,26.52,Santiago
1989,26.40,Santiago
1990,26.67,Santiago
1991,26.57,Santiago
1992,26.45,Santiago
1993,26.41,Santiago
1994,26.78,Santiago
1995,26.82,Santiago
1996,26.29,Santiago
1997,27.18,Santiago
1998,27.16,Santiago
1999,26.66,Santiago
2000,26.37,Santiago
2001,26.78,Santiago
2002,27.08,Santiago
2003,27.16,Santiago
2004,26.83,Santiago
2005,27.03,Santiago
2006,27.01,Santiago
2007,27.08,Santiago
2008,26.76,Santiago
2009,26.91,Santiago
2010,26.93,Santiago
2011,26.79,Santiago
2012,26.87,Santiago
2013,26.51,Santiago
1845,24.95,Santiago
1846,25.72,Santiago
1847,25.23,Santiago
1848,24.99,Santiago
1849,25.23,Santiago
1850,25.26,Santiago
1851,25.41,Santiago
1852,25.36,Santiago
1853,25.55,Santiago
1854,25.67,Santiago
1855,25.39,Santiago
1856,24.98,Santiago
1857,25.17,Santiago
1858,25.26,Santiago
1859,25.40,Santiago
1860,25.32,Santiago
1861,25.17,Santiago
1862,24.63,Santiago
1863,25.19,Santiago
1864,25.01,Santiago
1865,25.46,Santiago
1866,25.43,Santiago
1867,25.55,Santiago
1868,25.71,Santiago
1869,25.70,Santiago
1870,25.62,Santiago
1871,25.53,Santiago
1872,25.63,Santiago
1873,25.52,Santiago
1874,25.70,Santiago
1875,25.29,Santiago
1876,25.04,Santiago
1877,25.73,Santiago
1878,25.90,Santiago
1879,25.50,Santiago
1880,25.16,Santiago
1881,25.25,Santiago
1882,25.32,Santiago
1883,25.26,Santiago
1884,24.77,Santiago
1885,25.04,Santiago
1886,24.73,Santiago
1887,25.00,Santiago
1888,25.64,Santiago
1889,25.55,Santiago
1890,25.31,Santiago
1891,25.28,Santiago
1892,25.11,Santiago
1893,25.10,Santiago
1894,25.27,Santiago
1895,25.20,Santiago
1896,25.39,Santiago
1897,25.93,Santiago
1898,25.52,Santiago
1899,25.22,Santiago
1900,25.56,Santiago
1901,25.25,Santiago
1902,25.47,Santiago
1903,25.69,Santiago
1904,25.07,Santiago
1905,25.31,Santiago
1906,25.54,Santiago
1907,25.44,Santiago
1908,25.61,Santiago
1909,25.69,Santiago
1910,25.51,Santiago
1911,25.30,Santiago
1912,25.85,Santiago
1913,25.59,Santiago
1914,25.90,Santiago
1915,26.33,Santiago
1916,25.58,Santiago
1917,25.32,Santiago
1918,25.09,Santiago
1919,25.77,Santiago
1920,25.59,Santiago
1921,25.58,Santiago
1922,25.88,Santiago
1923,25.31,Santiago
1924,25.67,Santiago
1925,25.37,Santiago
1926,25.60,Santiago
1927,25.72,Santiago
1928,25.69,Santiago
1929,25.38,Santiago
1930,25.74,Santiago
1931,25.97,Santiago
1932,25.45,Santiago
1933,25.66,Santiago
1934,25.19,Santiago
1935,25.53,Santiago
1936,25.70,Santiago
1937,25.83,Santiago
1938,25.73,Santiago
1939,25.54,Santiago
1940,25.72,Santiago
1941,26.18,Santiago
1942,25.90,Santiago
1943,25.63,Santiago
1944,25.73,Santiago
1945,25.58,Santiago
1946,26.05,Santiago
1947,25.87,Santiago
1948,25.81,Santiago
1949,25.83,Santiago
1950,25.88,Santiago
1951,26.00,Santiago
1952,26.26,Santiago
1953,26.32,Santiago
1954,26.40,Santiago
1955,25.86,Santiago
1956,26.09,Santiago
1957,26.24,Santiago
1958,26.22,Santiago
1959,26.35,Santiago
1960,26.41,Santiago
1961,26.15,Santiago
1962,26.01,Santiago
1963,25.78,Santiago
1964,26.06,Santiago
1965,25.98,Santiago
1966,26.42,Santiago
1967,25.95,Santiago
1968,26.00,Santiago
1969,26.36,Santiago
1970,26.33,Santiago
1971,25.73,Santiago
1972,26.11,Santiago
1973,26.33,Santiago
1974,25.99,Santiago
1975,26.09,Santiago
1976,25.83,Santiago
1977,26.19,Santiago
1978,25.89,Santiago
1979,26.15,Santiago
1980,26.18,Santiago
1981,26.03,Santiago
1982,26.02,Santiago
1983,26.54,Santiago
1984,26.15,Santiago
1985,26.29,Santiago
1986,25.93,Santiago
1987,26.60,Santiago
1988,26.59,Santiago
1989,26.03,Santiago
1990,26.28,Santiago
1991,25.98,Santiago
1992,26.14,Santiago
1993,26.22,Santiago
1994,26.28,Santiago
1995,26.19,Santiago
1996,26.35,Santiago
1997,26.32,Santiago
1998,27.28,Santiago
1999,26.42,Santiago
2000,26.47,Santiago
2001,26.41,Santiago
2002,26.44,Santiago
2003,26.27,Santiago
2004,26.29,Santiago
2005,26.56,Santiago
2006,26.66,Santiago
2007,26.52,Santiago
2008,26.29,Santiago
2009,26.29,Santiago
2010,26.84,Santiago
2011,26.16,Santiago
2012,26.60,Santiago
2013,27.09,Santiago
